Occupation,COVID-19 Risk Score
Dental Hygienists,99.7
Respiratory Therapy Technicians,95
Sports Medicine Physicians,94.6
Dental Assistants,92.5
Radiation Therapists,92.4
Oral and Maxillofacial Surgeons,92.3
"Dentists, General",92.1
Obstetricians and Gynecologists,91.8
Dermatologists,91.1
Orderlies (Patient Care Assistants),90.2
Acute Care Nurses,90.1
Family and General Practitioners,90.1
Ophthalmologists,88.4
Urologists,88.3
Registered Nurses,86.1
Hospitalists,85.3
"Pediatricians, General",85.1
Respiratory Therapists,84.2
Radiologic Technicians,84.1
Licensed Practical and Licensed Vocational Nurses,82.1
Critical Care Nurses,81.7
Orthodontists,81.3
Radiologic Technologists,81.2
Nurse Midwives,81.1
Surgical Technologists,80.7
Diagnostic Medical Sonographers,80.5
Allergists and Immunologists,80.3
Physical Therapist Aides,80.3
Physician Assistants,80
Acupuncturists,79.9
"Internists, General (Internal Medicine)",79.9
Cardiovascular Technologists and Technicians,79.3
Physical Therapist Assistants,79.3
Physical Therapists,78.7
Occupational Therapy Aides,78
Occupational Therapists,77.8
Surgical Assistants,77.7
Prosthodontists,76.9
Surgeons,76.3
Flight Attendants,75.7
Anesthesiologists,75.4
Chiropractors,75.1
Occupational Therapy Assistants,75
Veterinary Assistants and Laboratory Animal Caretakers,75
Nuclear Medicine Technologists,74.8
Naturopathic Physicians,74.6
Neurodiagnostic Technologists,74.5
Nursing Assistants,72.5
Medical Assistants,72.2
Orthoptists,72.2
Midwives,71.9
Emergency Medical Technicians and Paramedics,70.8
Nurse Anesthetists,70.8
Athletic Trainers,70.6
Podiatrists,70.2
Veterinarians,70.1
Neurologists,70
Psychiatric Technicians,69.8
Barbers,69.1
Physical Medicine and Rehabilitation Physicians,69
Psychiatric Aides,69
Ophthalmic Medical Technologists,68.5
Phlebotomists,68.2
Skincare Specialists,68.1
"Special Education Teachers, Preschool",67.4
"Bus Drivers, School or Special Client",67.3
Anesthesiologist Assistants,67.2
Home Health Aides,66.4
Veterinary Technologists and Technicians,66
Endoscopy Technicians,65.8
"Kindergarten Teachers, Except Special Education",65.8
Patient Representatives,65.1
Speech-Language Pathology Assistants,64.9
Personal Care Aides,64
Medical Equipment Preparers,63.9
Medical and Clinical Laboratory Technologists,63.7
Municipal Firefighters,63.3
First-Line Supervisors of Food Preparation and Serving Workers,62.9
Recreational Therapists,62.8
Hearing Aid Specialists,62.7
Pharmacy Technicians,62.5
Ophthalmic Medical Technicians,62.3
"Hairdressers, Hairstylists, and Cosmetologists",62.2
Clinical Nurse Specialists,62
Transportation Security Screeners,61.4
Dancers,61
First-Line Supervisors of Correctional Officers,61
Nurse Practitioners,60.9
Optometrists,60.9
Immigration and Customs Inspectors,60.8
"Ambulance Drivers and Attendants, Except Emergency Medical Technicians",60.7
Exercise Physiologists,60.7
Correctional Officers and Jailers,60.4
Social and Human Service Assistants,60.3
Sheriffs and Deputy Sheriffs,59
Pharmacy Aides,58.8
Municipal Fire Fighting and Prevention Supervisors,58.3
Healthcare Social Workers,58.2
Childcare Workers,58
"Special Education Teachers, Kindergarten and Elementary School",57.2
Pharmacists,56.9
Orthotists and Prosthetists,56.7
Shampooers,56.6
Music Therapists,56.1
Amusement and Recreation Attendants,56
Slot Supervisors,55.9
Teacher Assistants,55.8
"Education Administrators, Preschool and Childcare Center/Program",55.7
Magnetic Resonance Imaging Technologists,55.6
"Special Education Teachers, Middle School",55.6
Adapted Physical Education Specialists,55.2
"Preschool Teachers, Except Special Education",55.2
Gaming Dealers,55
Advanced Practice Psychiatric Nurses,54.2
"Elementary School Teachers, Except Special Education",53.8
Fire Investigators,53.8
Singers,52.9
Massage Therapists,52.8
Speech-Language Pathologists,52.7
Choreographers,52.4
Medical Secretaries,52.2
First-Line Supervisors of Police and Detectives,51.9
Police Patrol Officers,51.9
"Transportation Attendants, Except Flight Attendants",51.8
Transit and Railroad Police,51.6
"Morticians, Undertakers, and Funeral Directors",51.3
Pipelayers,51.3
"Ushers, Lobby Attendants, and Ticket Takers",51.2
Radiologists,51.1
Tellers,50.9
Bailiffs,50.7
"Opticians, Dispensing",50.6
Septic Tank Servicers and Sewer Pipe Cleaners,50.5
Actors,50.4
Dietetic Technicians,50.3
Gaming Surveillance Officers and Gaming Investigators,50.3
First-Line Supervisors of Personal Service Workers,50.2
Animal Control Workers,50.1
Audiologists,50
Manicurists and Pedicurists,49.5
Medical and Clinical Laboratory Technicians,49.3
Embalmers,49
Spa Managers,48.7
Nuclear Medicine Physicians,48.6
Substance Abuse and Behavioral Disorder Counselors,48.6
"Hosts and Hostesses, Restaurant, Lounge, and Coffee Shop",48.4
Recreation Workers,48
"Bus Drivers, Transit and Intercity",47.9
Police Detectives,47.9
Coroners,47.8
"Makeup Artists, Theatrical and Performance",47.8
Police Identification and Records Officers,47.7
"Food Servers, Nonrestaurant",47.6
Gaming Supervisors,47.2
"Stock Clerks, Sales Floor",47.2
"Airline Pilots, Copilots, and Flight Engineers",46.9
Interpreters and Translators,46.8
Subway and Streetcar Operators,46.7
"Middle School Teachers, Except Special and Career/Technical Education",46.6
Funeral Attendants,46.4
Licensing Examiners and Inspectors,45.9
Nonfarm Animal Caretakers,45.9
Aircraft Cargo Handling Supervisors,45.7
Dining Room and Cafeteria Attendants and Bartender Helpers,45.6
Forest Firefighters,45.6
"Electrical and Electronics Repairers, Powerhouse, Substation, and Relay",45.3
Postal Service Clerks,45
Criminal Investigators and Special Agents,44.8
Gaming and Sports Book Writers and Runners,44.3
"Cooks, Institution and Cafeteria",44
Gaming Cage Workers,43.9
Dietitians and Nutritionists,43.7
Waiters and Waitresses,43.6
License Clerks,43.3
Bartenders,43.1
"Special Education Teachers, Secondary School",43.1
Structural Iron and Steel Workers,42.9
"Art, Drama, and Music Teachers, Postsecondary",42.8
Food Preparation Workers,42.8
"Low Vision Therapists, Orientation and Mobility Specialists, and Vision Rehabilitation Therapists",42.7
First-Line Supervisors of Housekeeping and Janitorial Workers,42.6
Receptionists and Information Clerks,42.6
"Meeting, Convention, and Event Planners",42.4
Statement Clerks,42.2
"Locker Room, Coatroom, and Dressing Room Attendants",41.9
Reservation and Transportation Ticket Agents and Travel Clerks,41.8
Cashiers,41.7
Gaming Change Persons and Booth Cashiers,41.7
"Child, Family, and School Social Workers",41.6
Probation Officers and Correctional Treatment Specialists,41.6
Gaming Managers,41.2
"Switchboard Operators, Including Answering Service",41.2
Adhesive Bonding Machine Operators and Tenders,41.1
Couriers and Messengers,41.1
Credit Checkers,41
Tutors,41
Air Traffic Controllers,40.9
"Educational, Guidance, School, and Vocational Counselors",40.9
"Nursing Instructors and Teachers, Postsecondary",40.7
"Office Clerks, General",40.6
Maids and Housekeeping Cleaners,40.5
Rail-Track Laying and Maintenance Equipment Operators,40.2
Food Service Managers,40.1
Baristas,40
Telecommunications Line Installers and Repairers,40
"Interviewers, Except Eligibility and Loan",39.9
Community Health Workers,39.7
"Counter Attendants, Cafeteria, Food Concession, and Coffee Shop",39.6
Clinical Research Coordinators,39.5
Quality Control Systems Managers,39.4
"Roustabouts, Oil and Gas",39.4
Commercial Pilots,39.2
"Derrick Operators, Oil and Gas",39.2
"Career/Technical Education Teachers, Secondary School",39.1
Radio Operators,38.9
Retail Salespersons,38.7
Ship and Boat Captains,38.6
"Career/Technical Education Teachers, Middle School",38.5
Histotechnologists and Histologic Technicians,38.3
New Accounts Clerks,38.3
"Tailors, Dressmakers, and Custom Sewers",38.3
Crossing Guards,38.2
Procurement Clerks,38.2
Driver/Sales Workers,38.1
Costume Attendants,38
Fire Inspectors,38
Loan Interviewers and Clerks,37.7
"Health Specialties Teachers, Postsecondary",37.6
First-Line Supervisors of Transportation and Material-Moving Machine and Vehicle Operators,37.5
Elevator Installers and Repairers,37.4
"Administrative Law Judges, Adjudicators, and Hearing Officers",37.3
"Cooks, Restaurant",37.3
Fitness Trainers and Aerobics Instructors,37.3
"Secondary School Teachers, Except Special and Career/Technical Education",37.3
Telemarketers,37.3
Brokerage Clerks,37.2
Rough Carpenters,37.2
Tire Repairers and Changers,37.2
"Dispatchers, Except Police, Fire, and Ambulance",37.1
Chefs and Head Cooks,37
Stationary Engineers and Boiler Operators,37
"Transportation Vehicle, Equipment and Systems Inspectors, Except Aviation",37
Pile-Driver Operators,36.9
Real Estate Sales Agents,36.9
"Combined Food Preparation and Serving Workers, Including Fast Food",36.8
Counter and Rental Clerks,36.8
Parking Lot Attendants,36.8
Mental Health Counselors,36.6
Manufactured Building and Mobile Home Installers,36.5
"Radio, Cellular, and Tower Equipment Installers and Repairers",36.5
"Secretaries and Administrative Assistants, Except Legal, Medical, and Executive",36.5
Construction Laborers,36.3
Postmasters and Mail Superintendents,36.3
"Meat, Poultry, and Fish Cutters and Trimmers",36.2
Microbiologists,36.2
Broadcast News Analysts,36.1
"Control and Valve Installers and Repairers, Except Mechanical Door",36.1
Coaches and Scouts,35.8
"Library Assistants, Clerical",35.8
"Musicians, Instrumental",35.8
"Roof Bolters, Mining",35.8
"Cooks, Short Order",35.4
"Lifeguards, Ski Patrol, and Other Recreational Protective Service Workers",35.4
Concierges,35.3
"First-Line Supervisors of Helpers, Laborers, and Material Movers, Hand",35.3
Fish and Game Wardens,35.2
Taxi Drivers and Chauffeurs,35.2
Forest Fire Fighting and Prevention Supervisors,35.1
General and Operations Managers,35.1
Helpers--Extraction Workers,35.1
"Railroad Brake, Signal, and Switch Operators",34.8
"Recreation and Fitness Studies Teachers, Postsecondary",34.8
"Maintenance and Repair Workers, General",34.7
Cement Masons and Concrete Finishers,34.6
"Wholesale and Retail Buyers, Except Farm Products",34.6
"Agents and Business Managers of Artists, Performers, and Athletes",34.5
Marriage and Family Therapists,34.5
Self-Enrichment Education Teachers,34.4
Cytogenetic Technologists,34.3
Funeral Service Managers,34.3
"Telecommunications Equipment Installers and Repairers, Except Line Installers",34.3
Civil Engineering Technicians,34.2
Copy Writers,34.2
Health Educators,34.2
Highway Maintenance Workers,34.1
"Insurance Appraisers, Auto Damage",34
"Eligibility Interviewers, Government Programs",33.9
"Packers and Packagers, Hand",33.9
"Service Unit Operators, Oil, Gas, and Mining",33.9
Helpers--Carpenters,33.8
Light Truck or Delivery Services Drivers,33.8
"Hotel, Motel, and Resort Desk Clerks",33.7
Retail Loss Prevention Specialists,33.7
Ship Engineers,33.6
Art Therapists,33.5
Demonstrators and Product Promoters,33.5
First-Line Supervisors of Animal Husbandry and Animal Care Workers,33.5
"Human Resources Assistants, Except Payroll and Timekeeping",33.5
Laundry and Dry-Cleaning Workers,33.5
Chief Executives,33.4
"Directors- Stage, Motion Pictures, Television, and Radio",33.2
Instructional Coordinators,33.2
Librarians,33.2
Motorboat Operators,33.2
Parts Salespersons,33.1
Rehabilitation Counselors,33.1
Boilermakers,33
Bill and Account Collectors,32.9
"Computer Science Teachers, Postsecondary",32.9
Fiberglass Laminators and Fabricators,32.9
Sailors and Marine Oilers,32.9
Securities and Commodities Traders,32.8
Transportation Managers,32.7
Electricians,32.6
Forest and Conservation Workers,32.5
Home Appliance Repairers,32.5
"Tank Car, Truck, and Ship Loaders",32.5
"Sales Agents, Financial Services",32.4
Farm Labor Contractors,32.3
Refuse and Recyclable Material Collectors,32.3
"Vocational Education Teachers, Postsecondary",32.3
Commercial Divers,32.2
Fishers and Related Fishing Workers,32.1
Loss Prevention Managers,32
"Police, Fire, and Ambulance Dispatchers",32
Producers,32
Gem and Diamond Workers,31.9
Nannies,31.9
"Tax Examiners and Collectors, and Revenue Agents",31.9
Construction Carpenters,31.8
"First-Line Supervisors of Mechanics, Installers, and Repairers",31.8
Food Cooking Machine Operators and Tenders,31.7
Government Property Inspectors and Investigators,31.7
"Refractory Materials Repairers, Except Brickmasons",31.7
Mental Health and Substance Abuse Social Workers,31.6
Mechanical Engineering Technologists,31.4
"Education Administrators, Elementary and Secondary School",31.3
Program Directors,31.3
Signal and Track Switch Repairers,31.3
Adult Basic and Secondary Education and Literacy Teachers and Instructors,31.2
Bakers,31.2
Fashion Designers,31.2
Plumbers,31.2
Real Estate Brokers,31.2
Technical Directors/Managers,31.2
Wind Turbine Service Technicians,31.2
Computer User Support Specialists,31.1
Dental Laboratory Technicians,31.1
Forensic Science Technicians,31.1
"Helpers--Painters, Paperhangers, Plasterers, and Stucco Masons",31.1
Mechanical Engineers,31.1
Baggage Porters and Bellhops,31
Preventive Medicine Physicians,31
"Billing, Cost, and Rate Clerks",30.9
Psychiatrists,30.9
"Directors, Religious Activities and Education",30.8
First-Line Supervisors of Production and Operating Workers,30.8
Floral Designers,30.8
Solar Energy Installation Managers,30.8
Tour Guides and Escorts,30.8
Order Clerks,30.7
Court Clerks,30.6
Customer Service Representatives,30.6
First-Line Supervisors of Construction Trades and Extraction Workers,30.6
Marking Clerks,30.6
Mine Cutting and Channeling Machine Operators,30.6
Clergy,30.5
"Farmworkers, Farm, Ranch, and Aquacultural Animals",30.4
Sales Managers,30.4
Cargo and Freight Agents,30.3
Models,30.3
Agricultural Inspectors,30.2
Music Directors,30.2
Credit Authorizers,30.1
Lodging Managers,30.1
"Pilots, Ship",30.1
Sheet Metal Workers,30
First-Line Supervisors of Retail Sales Workers,29.8
"Judges, Magistrate Judges, and Magistrates",29.8
"Mail Clerks and Mail Machine Operators, Except Postal Service",29.8
Nuclear Power Reactor Operators,29.8
"Buyers and Purchasing Agents, Farm Products",29.7
Refrigeration Mechanics and Installers,29.7
Stonemasons,29.7
Airfield Operations Specialists,29.6
Computer Network Support Specialists,29.6
Photographic Process Workers and Processing Machine Operators,29.5
Clinical Psychologists,29.4
Emergency Management Directors,29.4
First-Line Supervisors of Non-Retail Sales Workers,29.4
Mechanical Engineering Technicians,29.4
"Model Makers, Metal and Plastic",29.4
Dishwashers,29.3
Medical Appliance Technicians,29.2
Millwrights,29.2
"Floor Layers, Except Carpet, Wood, and Hard Tiles",29.1
Social and Community Service Managers,29
"Camera Operators, Television, Video, and Motion Picture",28.9
Freight Forwarders,28.9
Public Relations and Fundraising Managers,28.9
"Helpers--Pipelayers, Plumbers, Pipefitters, and Steamfitters",28.8
Neuropsychologists and Clinical Neuropsychologists,28.8
"Electric Motor, Power Tool, and Related Repairers",28.7
Merchandise Displayers and Window Trimmers,28.7
Molding and Casting Workers,28.7
Locksmiths and Safe Repairers,28.6
"First-Line Supervisors of Landscaping, Lawn Service, and Groundskeeping Workers",28.5
"Rotary Drill Operators, Oil and Gas",28.5
"Pump Operators, Except Wellhead Pumpers",28.4
Computer Operators,28.3
Wind Energy Operations Managers,28.3
Word Processors and Typists,28.2
Fitness and Wellness Coordinators,28.1
Freight and Cargo Inspectors,28
Helpers--Electricians,28
"Petroleum Pump System Operators, Refinery Operators, and Gaugers",28
Food Batchmakers,27.9
"Sales Representatives, Wholesale and Manufacturing, Except Technical and Scientific Products",27.9
Executive Secretaries and Executive Administrative Assistants,27.8
Loan Counselors,27.8
Loan Officers,27.8
Roofers,27.8
Animal Trainers,27.6
Radio and Television Announcers,27.6
Residential Advisors,27.6
"Biological Science Teachers, Postsecondary",27.5
Forest Fire Inspectors and Prevention Specialists,27.5
Locomotive Engineers,27.5
"Model Makers, Wood",27.5
Advertising Sales Agents,27.4
Credit Counselors,27.3
Engine and Other Machine Assemblers,27.3
Quality Control Analysts,27.3
Riggers,27.3
Automotive and Watercraft Service Attendants,27.2
Talent Directors,27.2
Recycling Coordinators,27.1
Chemical Equipment Operators and Tenders,26.9
Cytotechnologists,26.9
Data Entry Keyers,26.9
"Inspectors, Testers, Sorters, Samplers, and Weighers",26.9
Crane and Tower Operators,26.8
Human Resources Specialists,26.8
Nuclear Equipment Operation Technicians,26.8
Labor Relations Specialists,26.7
Industrial Production Managers,26.6
Municipal Clerks,26.6
"Furnace, Kiln, Oven, Drier, and Kettle Operators and Tenders",26.5
Pipe Fitters and Steamfitters,26.5
Radio Mechanics,26.5
"Rolling Machine Setters, Operators, and Tenders, Metal and Plastic",26.5
"Weighers, Measurers, Checkers, and Samplers, Recordkeeping",26.5
"Home Economics Teachers, Postsecondary",26.4
"Order Fillers, Wholesale and Retail Sales",26.4
Railroad Conductors and Yardmasters,26.4
Solar Sales Representatives and Assessors,26.4
Counseling Psychologists,26.3
Gas Compressor and Gas Pumping Station Operators,26.3
First-Line Supervisors of Office and Administrative Support Workers,26.2
Glaziers,26.2
Heating and Air Conditioning Mechanics and Installers,26.2
Security and Fire Alarm Systems Installers,26.2
"Electrical and Electronics Installers and Repairers, Transportation Equipment",26.1
Paralegals and Legal Assistants,26.1
"Atmospheric, Earth, Marine, and Space Sciences Teachers, Postsecondary",26
Biological Technicians,26
Continuous Mining Machine Operators,26
Range Managers,26
Training and Development Managers,26
"Insulation Workers, Mechanical",25.9
Medical and Health Services Managers,25.9
Correspondence Clerks,25.8
Distance Learning Coordinators,25.8
"Rail Yard Engineers, Dinkey Operators, and Hostlers",25.8
Reporters and Correspondents,25.8
Compliance Managers,25.7
Ophthalmic Laboratory Technicians,25.7
"Production, Planning, and Expediting Clerks",25.7
Industrial Machinery Mechanics,25.6
"Insurance Adjusters, Examiners, and Investigators",25.6
"Paper Goods Machine Setters, Operators, and Tenders",25.6
"Laborers and Freight, Stock, and Material Movers, Hand",25.5
Slaughterers and Meat Packers,25.5
Foundry Mold and Coremakers,25.4
Marine Architects,25.4
Accountants,25.2
Audio and Video Equipment Technicians,25.2
Butchers and Meat Cutters,25.2
"Meter Readers, Utilities",25.2
Outdoor Power Equipment and Other Small Engine Mechanics,25.2
Environmental Engineering Technicians,25.1
"Medical Scientists, Except Epidemiologists",25.1
Biofuels Processing Technicians,25
"Claims Examiners, Property and Casualty Insurance",25
Customs Brokers,25
Security Managers,25
Nursery and Greenhouse Managers,24.9
Biofuels Production Managers,24.8
Medical Transcriptionists,24.8
Park Naturalists,24.8
Segmental Pavers,24.8
Shoe and Leather Workers and Repairers,24.8
Chemical Plant and System Operators,24.7
Excavating and Loading Machine and Dragline Operators,24.7
"Mates- Ship, Boat, and Barge",24.7
"Sales Agents, Securities and Commodities",24.7
Biomass Plant Technicians,24.6
Network and Computer Systems Administrators,24.6
Insurance Sales Agents,24.5
Power Distributors and Dispatchers,24.5
Tree Trimmers and Pruners,24.5
Athletes and Sports Competitors,24.3
"Door-To-Door Sales Workers, News and Street Vendors, and Related Workers",24.3
Proofreaders and Copy Markers,24.3
"Umpires, Referees, and Other Sports Officials",24.2
Mechatronics Engineers,24.1
Construction Managers,24
Fence Erectors,24
"Maintenance Workers, Machinery",24
"Financial Managers, Branch or Department",23.9
Industrial Engineering Technicians,23.9
"Patternmakers, Metal and Plastic",23.9
Security Guards,23.9
Weatherization Installers and Technicians,23.9
Advertising and Promotions Managers,23.8
Biomass Power Plant Managers,23.8
"Criminal Justice and Law Enforcement Teachers, Postsecondary",23.8
Film and Video Editors,23.8
Marketing Managers,23.8
Mechanical Door Repairers,23.8
Travel Agents,23.8
File Clerks,23.7
Logisticians,23.7
Biologists,23.6
First-Line Supervisors of Aquacultural Workers,23.6
Pathologists,23.6
Bicycle Repairers,23.5
Hydroelectric Plant Technicians,23.5
Timing Device Assemblers and Adjusters,23.5
"Anthropology and Archeology Teachers, Postsecondary",23.4
Computer Programmers,23.4
Electro-Mechanical Technicians,23.4
"Graders and Sorters, Agricultural Products",23.4
Recycling and Reclamation Workers,23.4
"Forging Machine Setters, Operators, and Tenders, Metal and Plastic",23.2
Genetic Counselors,23.2
Pest Control Workers,23.2
"Sociology Teachers, Postsecondary",23.2
"Property, Real Estate, and Community Association Managers",23.1
"Textile Winding, Twisting, and Drawing Out Machine Setters, Operators, and Tenders",23.1
Lawyers,23
"Painters, Construction and Maintenance",23
"Area, Ethnic, and Cultural Studies Teachers, Postsecondary",22.9
Art Directors,22.9
Brickmasons and Blockmasons,22.9
Chemical Technicians,22.9
"Helpers--Brickmasons, Blockmasons, Stonemasons, and Tile and Marble Setters",22.9
Training and Development Specialists,22.8
Agricultural Technicians,22.7
Energy Auditors,22.7
"Janitors and Cleaners, Except Maids and Housekeeping Cleaners",22.7
Occupational Health and Safety Specialists,22.7
"Sawing Machine Setters, Operators, and Tenders, Wood",22.7
"Architecture Teachers, Postsecondary",22.6
"Office Machine Operators, Except Computer",22.6
Power Plant Operators,22.6
Public Address System and Other Announcers,22.6
Audio-Visual and Multimedia Collections Specialists,22.5
Insurance Claims Clerks,22.5
Team Assemblers,22.5
Water and Wastewater Treatment Plant and System Operators,22.4
Auditors,22.3
Photographers,22.3
Sales Engineers,22.3
"Communications Teachers, Postsecondary",22.2
"Compensation, Benefits, and Job Analysis Specialists",22.2
Public Relations Specialists,22.2
Purchasing Managers,22.2
Risk Management Specialists,22.2
"Bookkeeping, Accounting, and Auditing Clerks",22.1
Energy Brokers,22.1
Fabric and Apparel Patternmakers,22.1
First-Line Supervisors of Logging Workers,22.1
Food Science Technicians,22.1
"Postal Service Mail Sorters, Processors, and Processing Machine Operators",22
"Law Teachers, Postsecondary",21.9
Recreational Vehicle Service Technicians,21.9
Payroll and Timekeeping Clerks,21.8
Automotive Glass Installers and Repairers,21.7
Avionics Technicians,21.7
Graduate Teaching Assistants,21.7
Locomotive Firers,21.7
"Electrical and Electronics Repairers, Commercial and Industrial Equipment",21.6
"Education Administrators, Postsecondary",21.5
Equal Opportunity Representatives and Officers,21.5
Operating Engineers and Other Construction Equipment Operators,21.5
"Helpers--Installation, Maintenance, and Repair Workers",21.4
Landscaping and Groundskeeping Workers,21.4
Motorboat Mechanics and Service Technicians,21.4
Online Merchants,21.4
Textile Bleaching and Dyeing Machine Operators and Tenders,21.4
"Extruding and Forming Machine Setters, Operators, and Tenders, Synthetic and Glass Fibers",21.3
Hunters and Trappers,21.2
Helpers--Roofers,21.1
Industrial Truck and Tractor Operators,21.1
Insurance Underwriters,21.1
Logistics Managers,21.1
Rail Car Repairers,21
Chemists,20.9
"Mobile Heavy Equipment Mechanics, Except Engines",20.9
Nuclear Monitoring Technicians,20.9
Cleaners of Vehicles and Equipment,20.8
Computer and Information Research Scientists,20.8
"English Language and Literature Teachers, Postsecondary",20.8
"Explosives Workers, Ordnance Handling Experts, and Blasters",20.8
Human Resources Managers,20.8
Petroleum Engineers,20.8
Automotive Specialty Technicians,20.7
Video Game Designers,20.7
Compensation and Benefits Managers,20.6
Forest and Conservation Technicians,20.6
Radio Frequency Identification Device Specialists,20.6
Supply Chain Managers,20.6
Administrative Services Managers,20.5
Chief Sustainability Officers,20.5
"Extruding, Forming, Pressing, and Compacting Machine Setters, Operators, and Tenders",20.5
Private Detectives and Investigators,20.5
Electronic Home Entertainment Equipment Installers and Repairers,20.4
Industrial Engineers,20.4
Packaging and Filling Machine Operators and Tenders,20.4
Telecommunications Engineering Specialists,20.4
Aerospace Engineers,20.3
Assessors,20.3
Budget Analysts,20.3
Computer and Information Systems Managers,20.3
"Multiple Machine Tool Setters, Operators, and Tenders, Metal and Plastic",20.3
Legal Secretaries,20.2
Personal Financial Advisors,20.2
"Paving, Surfacing, and Tamping Equipment Operators",20.1
Bioinformatics Technicians,20
Commercial and Industrial Designers,20
Credit Analysts,20
Electromechanical Engineering Technologists,20
Industrial Safety and Health Engineers,20
"Mathematical Science Teachers, Postsecondary",20
Occupational Health and Safety Technicians,20
Reinforcing Iron and Rebar Workers,20
Tax Preparers,20
Travel Guides,20
Validation Engineers,20
Editors,19.9
Library Technicians,19.9
"Mixing and Blending Machine Setters, Operators, and Tenders",19.9
Computer Systems Analysts,19.8
Informatics Nurse Specialists,19.8
Cabinetmakers and Bench Carpenters,19.7
Cost Estimators,19.7
"Education Teachers, Postsecondary",19.6
Farm and Home Management Advisors,19.6
Geothermal Technicians,19.6
Solar Thermal Installers and Technicians,19.6
Medical Equipment Repairers,19.4
Multimedia Artists and Animators,19.4
"Physics Teachers, Postsecondary",19.4
"Sales Representatives, Wholesale and Manufacturing, Technical and Scientific Products",19.4
"Shipping, Receiving, and Traffic Clerks",19.4
Sound Engineering Technicians,19.4
Aircraft Mechanics and Service Technicians,19.3
Electromechanical Equipment Assemblers,19.3
Financial Analysts,19.3
Food Scientists and Technologists,19.2
Anthropologists,19.1
Hydroelectric Production Managers,19
Information Technology Project Managers,19
"Coating, Painting, and Spraying Machine Setters, Operators, and Tenders",18.9
"Cutters and Trimmers, Hand",18.9
Geophysical Data Technicians,18.9
Industrial-Organizational Psychologists,18.9
"Library Science Teachers, Postsecondary",18.9
Treasurers and Controllers,18.9
Cartographers and Photogrammetrists,18.8
Court Reporters,18.8
Electrical Power-Line Installers and Repairers,18.8
"Environmental Scientists and Specialists, Including Health",18.8
Fundraisers,18.8
Logging Equipment Operators,18.8
Set and Exhibit Designers,18.8
"Engineering Teachers, Postsecondary",18.7
Mine Shuttle Car Operators,18.7
"Fabric Menders, Except Garment",18.6
Agricultural Equipment Operators,18.5
"Aircraft Structure, Surfaces, Rigging, and Systems Assemblers",18.5
"Architects, Except Landscape and Naval",18.5
Insurance Policy Processing Clerks,18.4
Musical Instrument Repairers and Tuners,18.4
"Grinding and Polishing Workers, Hand",18.3
Hazardous Materials Removal Workers,18.3
Log Graders and Scalers,18.3
"Chemistry Teachers, Postsecondary",18.2
"Cooks, Fast Food",18.2
Geothermal Production Managers,18.2
Logistics Engineers,18.2
Aviation Inspectors,18.1
Cooling and Freezing Equipment Operators and Tenders,18.1
"Heat Treating Equipment Setters, Operators, and Tenders, Metal and Plastic",18.1
Medical Records and Health Information Technicians,18.1
Storage and Distribution Managers,18.1
"Earth Drillers, Except Oil and Gas",18
"Electronic Equipment Installers and Repairers, Motor Vehicles",18
Hoist and Winch Operators,18
"Arbitrators, Mediators, and Conciliators",17.9
"Environmental Science Teachers, Postsecondary",17.9
Landscape Architects,17.9
Aerospace Engineering and Operations Technicians,17.8
Bus and Truck Mechanics and Diesel Engine Specialists,17.8
"Layout Workers, Metal and Plastic",17.8
Plasterers and Stucco Masons,17.8
Carpet Installers,17.7
Printing Press Operators,17.7
Soil and Water Conservationists,17.5
Curators,17.4
Water/Wastewater Engineers,17.3
Broadcast Technicians,17.1
"Crushing, Grinding, and Polishing Machine Setters, Operators, and Tenders",17.1
Investment Fund Managers,17.1
"Painting, Coating, and Decorating Workers",17.1
"Cleaning, Washing, and Metal Pickling Equipment Operators and Tenders",17
Electronics Engineering Technicians,17
"Lathe and Turning Machine Tool Setters, Operators, and Tenders, Metal and Plastic",17
Motorcycle Mechanics,17
Urban and Regional Planners,17
Automotive Master Mechanics,16.9
Aquacultural Managers,16.7
City and Regional Planning Aides,16.7
Clinical Data Managers,16.7
Logistics Analysts,16.7
Manufacturing Engineers,16.7
Metal-Refining Furnace Operators and Tenders,16.6
"Psychology Teachers, Postsecondary",16.5
Furniture Finishers,16.4
Structural Metal Fabricators and Fitters,16.4
Archeologists,16.3
Parking Enforcement Workers,16.2
Animal Scientists,16.1
Automotive Engineering Technicians,16.1
"Cutting and Slicing Machine Setters, Operators, and Tenders",16.1
Electrical Drafters,16.1
Historians,16.1
Industrial Engineering Technologists,16.1
Postal Service Mail Carriers,16.1
Regulatory Affairs Managers,16.1
"Coin, Vending, and Amusement Machine Servicers and Repairers",16
Electrical Engineering Technologists,16
Precision Agriculture Technicians,16
Upholsterers,16
"Woodworking Machine Setters, Operators, and Tenders, Except Sawing",16
"Computer Numerically Controlled Machine Tool Programmers, Metal and Plastic",15.9
"Geography Teachers, Postsecondary",15.9
Interior Designers,15.9
Photonics Engineers,15.9
"Purchasing Agents, Except Wholesale, Retail, and Farm Products",15.9
Electrical Engineers,15.8
Technical Writers,15.8
Heavy and Tractor-Trailer Truck Drivers,15.7
Helpers--Production Workers,15.7
"Computer-Controlled Machine Tool Operators, Metal and Plastic",15.6
Geneticists,15.6
Information Security Analysts,15.6
"Insulation Workers, Floor, Ceiling, and Wall",15.6
Intelligence Analysts,15.6
"Plating and Coating Machine Setters, Operators, and Tenders, Metal and Plastic",15.6
"Molding, Coremaking, and Casting Machine Setters, Operators, and Tenders, Metal and Plastic",15.5
Sewing Machine Operators,15.5
"Welders, Cutters, and Welder Fitters",15.5
"Pressers, Textile, Garment, and Related Materials",15.4
Construction and Building Inspectors,15.3
"Electronics Engineers, Except Computer",15.3
Machinists,15.3
Transportation Planners,15.3
Automotive Body and Related Repairers,15.2
Business Continuity Planners,15.2
Energy Engineers,15.2
"Extruding and Drawing Machine Setters, Operators, and Tenders, Metal and Plastic",15.2
Robotics Technicians,15.2
Statistical Assistants,15.2
Transportation Engineers,15.2
"Grinding, Lapping, Polishing, and Buffing Machine Tool Setters, Operators, and Tenders, Metal and Plastic",15.1
Machine Feeders and Offbearers,15.1
Terrazzo Workers and Finishers,15.1
"Economics Teachers, Postsecondary",15
Non-Destructive Testing Specialists,15
Regulatory Affairs Specialists,15
"Software Developers, Systems Software",15
Bridge and Lock Tenders,14.9
"Forestry and Conservation Science Teachers, Postsecondary",14.9
"Social Work Teachers, Postsecondary",14.9
Tile and Marble Setters,14.9
Environmental Engineers,14.8
Farm Equipment Mechanics and Service Technicians,14.8
School Psychologists,14.8
Software Quality Assurance Engineers and Testers,14.8
Biochemical Engineers,14.7
Biofuels/Biodiesel Technology and Product Development Managers,14.7
Brownfield Redevelopment Specialists and Site Managers,14.7
Document Management Specialists,14.7
Physicists,14.7
"Software Developers, Applications",14.7
Drywall and Ceiling Tile Installers,14.6
"History Teachers, Postsecondary",14.6
Product Safety Engineers,14.6
"Separating, Filtering, Clarifying, Precipitating, and Still Machine Setters, Operators, and Tenders",14.6
Traffic Technicians,14.6
Wellhead Pumpers,14.6
Biomedical Engineers,14.5
Database Administrators,14.5
Market Research Analysts and Marketing Specialists,14.5
"Cutting, Punching, and Press Machine Setters, Operators, and Tenders, Metal and Plastic",14.4
"Patternmakers, Wood",14.4
Dredge Operators,14.3
Solar Photovoltaic Installers,14.3
Museum Technicians and Conservators,14.2
Security Management Specialists,14.2
Animal Breeders,14.1
Management Analysts,14.1
Solar Energy Systems Engineers,14.1
Zoologists and Wildlife Biologists,14
"Foreign Language and Literature Teachers, Postsecondary",13.9
Print Binding and Finishing Workers,13.9
"Computer, Automated Teller, and Office Machine Repairers",13.7
Natural Sciences Managers,13.7
"Philosophy and Religion Teachers, Postsecondary",13.7
Chemical Engineers,13.6
Conveyor Operators and Tenders,13.5
Electrical Engineering Technicians,13.5
Electronics Engineering Technologists,13.5
Semiconductor Processors,13.5
Bioinformatics Scientists,13.4
"Agricultural Sciences Teachers, Postsecondary",13.3
Civil Engineers,13.3
Epidemiologists,13.3
Etchers and Engravers,13.3
Remote Sensing Technicians,13.3
"Tool Grinders, Filers, and Sharpeners",13.3
Climate Change Analysts,13.1
Fire-Prevention and Protection Engineers,13.1
Gas Plant Operators,13.1
Sustainability Specialists,13.1
Automotive Engineers,13
Geographers,13
Manufacturing Production Technicians,13
"Mining and Geological Engineers, Including Mining Safety Engineers",13
Nanotechnology Engineering Technicians,12.9
"Pourers and Casters, Metal",12.9
Tire Builders,12.9
"Drilling and Boring Machine Tool Setters, Operators, and Tenders, Metal and Plastic",12.8
Graphic Designers,12.8
Civil Drafters,12.7
Environmental Restoration Planners,12.7
"Food and Tobacco Roasting, Baking, and Drying Machine Operators and Tenders",12.6
"Glass Blowers, Molders, Benders, and Finishers",12.6
Business Intelligence Analysts,12.5
Database Architects,12.5
"Fraud Examiners, Investigators and Analysts",12.5
Human Factors Engineers and Ergonomists,12.5
Survey Researchers,12.5
Web Developers,12.5
"Title Examiners, Abstractors, and Searchers",12.4
Electronic Drafters,12.2
"Loading Machine Operators, Underground Mining",12.2
Prepress Technicians and Workers,12.2
Robotics Engineers,12.2
Motion Picture Projectionists,12.1
Nanotechnology Engineering Technologists,12.1
"Stock Clerks- Stockroom, Warehouse, or Storage Yard",12.1
Financial Examiners,12
Architectural and Engineering Managers,11.9
Solderers and Brazers,11.9
Surveyors,11.8
"Textile Knitting and Weaving Machine Setters, Operators, and Tenders",11.6
Wind Energy Project Managers,11.6
Desktop Publishers,11.3
"Coil Winders, Tapers, and Finishers",11.2
"Pesticide Handlers, Sprayers, and Applicators, Vegetation",11.2
"Cooks, Private Household",11.1
Farm and Ranch Managers,11.1
Materials Engineers,11.1
Paperhangers,11.1
"Political Science Teachers, Postsecondary",11.1
Architectural Drafters,11
"Rock Splitters, Quarry",11
Geographic Information Systems Technicians,10.9
"Stone Cutters and Carvers, Manufacturing",10.9
Social Science Research Assistants,10.7
"Business Teachers, Postsecondary",10.6
Camera and Photographic Equipment Repairers,10.6
"Environmental Science and Protection Technicians, Including Health",10.6
First-Line Supervisors of Agricultural Crop and Horticultural Workers,10.6
Nursery Workers,10.5
Agricultural Engineers,10.3
Computer Systems Engineers/Architects,10.3
Water Resource Specialists,10.3
Mechanical Drafters,10.2
Instructional Designers and Technologists,10.1
Wind Energy Engineers,10.1
"Appraisers, Real Estate",10
Geodetic Surveyors,10
Web Administrators,10
"Farmworkers and Laborers, Crop",9.9
Nuclear Engineers,9.9
Fuel Cell Engineers,9.7
Nanosystems Engineers,9.7
Surveying Technicians,9.7
Watch Repairers,9.7
"Fine Artists, Including Painters, Sculptors, and Illustrators",9.6
"Milling and Planing Machine Setters, Operators, and Tenders, Metal and Plastic",9.3
Shoe Machine Operators and Tenders,9.3
Manufacturing Engineering Technologists,9.1
Foresters,9
Political Scientists,8.9
Floor Sanders and Finishers,8.8
Mapping Technicians,8.7
Search Marketing Strategists,8.7
Archivists,8.6
Precious Metal Workers,8.4
Materials Scientists,8.3
Judicial Law Clerks,8.2
Biostatisticians,8
Craft Artists,8
"Potters, Manufacturing",8
Environmental Compliance Inspectors,7.9
"Welding, Soldering, and Brazing Machine Setters, Operators, and Tenders",7.7
"Textile Cutting Machine Setters, Operators, and Tenders",7.6
"Sewers, Hand",7.5
Electrical and Electronic Equipment Assemblers,7.4
"Painters, Transportation Equipment",7.3
Geospatial Information Scientists and Technologists,7.2
Hydrologists,7.2
Marine Engineers,7.2
Tool and Die Makers,7.2
Industrial Ecologists,6.9
Jewelers,6.9
Statisticians,6.7
Biochemists and Biophysicists,6.1
Computer Hardware Engineers,6.1
Microsystems Engineers,6.1
Music Composers and Arrangers,6.1
Sociologists,6.1
Environmental Economists,6
Remote Sensing Scientists and Technologists,6
Molecular and Cellular Biologists,5.8
Actuaries,5.2
Atmospheric and Space Scientists,5
"Poets, Lyricists and Creative Writers",4.9
Soil and Plant Scientists,4.9
Computer Network Architects,4.8
Mathematicians,4.3
"Geoscientists, Except Hydrologists and Geographers",4.2
Operations Research Analysts,3.5
Geological Sample Test Technicians,3.3
Data Warehousing Specialists,2.9
Financial Quantitative Analysts,2.9
Fallers,2.8
Photonics Technicians,2.7
Tapers,2.3
Astronomers,2
Economists,1.5